게시일,광고명,게시물 링크,광고 팔로우
2026-09-10,0910_삼성,https://www.instagram.com/p/DdF5FtHjOB8/,
2026-09-08,0908_HSAD,https://www.instagram.com/p/DdA02UuDMz1/,
2026-09-03,0903_포스코,https://www.instagram.com/p/DczX7R-DI24/,
2026-09-02,0902_LG생건,https://www.instagram.com/p/Dcygd-qDAfJ/,
2026-09-01,0901_에이피알,https://www.instagram.com/p/DcviN_TjFEH/,
2026-08-29,0829_현대자동차,https://www.instagram.com/p/DcncnYijDYh/,
2026-08-28,0828_SKT,https://www.instagram.com/p/DckgerjDDOW/,
2026-08-25,0825_신세계,https://www.instagram.com/p/DcctEuVjCox/,
2026-08-24,0824_imbc,https://www.instagram.com/p/DcaHIO1DETB/,
2026-08-22,0822_한화금융,https://www.instagram.com/p/DcV4wnzDByS/,
2026-08-20,0820_카뱅,https://www.instagram.com/p/DcQ6KJxjCZM/,
2026-08-20,0820_하이닉스,https://www.instagram.com/p/DcQ6I4eDLz0/,
2026-08-19,0819_코오롱,https://www.instagram.com/p/DcOFWaUjIvQ/,
2026-08-11,kt&g,https://www.instagram.com/p/Db5AB9cjI68/,
2026-08-06,0806 네클 마케팅,https://www.instagram.com/p/DbsuFhMDEU6/,
2026-08-06,0806 챌린저스,https://www.instagram.com/p/Dbst7MOjOEi/,
2026-08-06,0806 한영,https://www.instagram.com/p/Dbstg8GDLYj/,
2026-07-14,애경산업,https://www.instagram.com/p/DaxCRpajEIE/,
2026-07-06,트 0705 테슬라,https://www.instagram.com/p/Daal4qQjGhb/,
2026-07-06,0705 하이브,https://www.instagram.com/p/Daalx4ijFPO/,
2026-07-03,CJ자소서문항모음,https://www.instagram.com/p/DaUMJbCjMJ6/,
2026-06-30,카카오페이,https://www.instagram.com/p/DaM9zKuDA04/,
2026-06-24,CJ프레시웨이,https://www.instagram.com/p/DZ-BF7BsBe2/,
2026-06-24,샘표식품,https://www.instagram.com/p/DZ-A3TzDGJJ/,
2026-06-22,뷰티 브랜드 모음,https://www.instagram.com/p/DZ4HbKZDH00/,
2026-06-18,네이버 인턴십,https://www.instagram.com/p/DZtA7NyDA5k/,
2026-06-15,그라운드시소,https://www.instagram.com/p/DZnFDQ1jD-o/,
2026-06-09,대홍기획,https://www.instagram.com/p/DZVRKSxDEcy/,
2026-06-09,대학내일,https://www.instagram.com/p/DZVQysPDJLr/,
2026-05-28,아이샵케어콘마,https://www.instagram.com/p/DY4lnRvDOeE/,
2026-05-27,모두닥 채용 운영/기획 인턴,https://www.instagram.com/p/DY160CqjDzp/,
2026-05-21,오뚜기,https://www.instagram.com/p/DYldlmEDGPH/,
2026-05-21,시세이도,https://www.instagram.com/p/DYldlgyDHtl/,
2026-05-17,디즈니,https://www.instagram.com/p/DYb9EtIjJ96/,
2026-05-16,대한항공,https://www.instagram.com/p/DYXbC1oDHDK/,
2026-05-16,sm엔터,https://www.instagram.com/p/DYXbCsSDAij/,
2026-05-15,당근,https://www.instagram.com/p/DYUxqUjDIs7/,
2026-05-15,카카오뱅크,https://www.instagram.com/p/DYUxqO8DM75/,
2026-05-05,바이오던스 인턴,https://www.instagram.com/p/DX9MLinjNfF/,
2026-04-30,카카오 어시스턴트,https://www.instagram.com/p/DXwL5vCjAMR/,
2026-04-30,SK 계열사 공고,https://www.instagram.com/p/DXwLvm2DDM5/,
